{"mnli/acc": 0.8115129903209374}
{"mnli/acc": 0.8316861946001018}
{"mnli/acc": 0.8401426388181356}
{"mnli/acc": 0.8412633723892002}
{"mnli/acc": 0.844319918492104}
{"mnli/acc": 0.8460519612837494}
{"mnli/acc": 0.8531839021905248}
{"mnli/acc": 0.8536933265410087}
{"mnli/acc": 0.8557310239429444}
{"mnli/acc": 0.8553234844625573}
{"mnli/acc": 0.8556291390728477}
{"mnli/acc": 0.8588894549159449}
