{"epoch": 0, "train_acc": 0.8661096709464173, "best_dev_performance": 0.8992358634742741, "avg_batch_loss": 67.80132667534053, "learning_rate": 1.0535026571476461e-05}
{"epoch": 1, "train_acc": 0.9148260003768761, "best_dev_performance": 0.9043301069791136, "avg_batch_loss": 45.38494335266296, "learning_rate": 1.0076981937934006e-05}
{"epoch": 2, "train_acc": 0.9412022347734414, "best_dev_performance": 0.9043301069791136, "avg_batch_loss": 32.467726017930545, "learning_rate": 9.618937304391552e-06}
{"epoch": 3, "train_acc": 0.9589459692082036, "best_dev_performance": 0.9043301069791136, "avg_batch_loss": 23.748070336398087, "learning_rate": 9.160892670849097e-06}
{"epoch": 4, "train_acc": 0.9702446129635194, "best_dev_performance": 0.9043301069791136, "avg_batch_loss": 17.99932965305925, "learning_rate": 8.702848037306642e-06}
