{"mnli/acc": 0.8992358634742741}
{"mnli/acc": 0.9043301069791136}
