{"mnli/acc": 0.8992358634742741}
{"mnli/acc": 0.9043301069791136}
{"mnli/acc": 0.9008660213958227}
{"mnli/acc": 0.9030056036678553}
{"mnli/acc": 0.9021905247070809}
