{"mnli/acc": 0.8638818135506877}
{"mnli/acc": 0.8771268466632705}
{"mnli/acc": 0.8728476821192053}
{"mnli/acc": 0.8663270504330107}
{"mnli/acc": 0.8686704024452369}
