{"mnli/acc": 0.897300050942435}
{"mnli/acc": 0.894447274579725}
{"mnli/acc": 0.8991339786041773}
{"mnli/acc": 0.8943453897096281}
