{"mnli/acc": 0.8820173204279165}
{"mnli/acc": 0.8938359653591441}
{"mnli/acc": 0.8987264391237901}
