{"mnli/acc": 0.8820173204279165}
{"mnli/acc": 0.8938359653591441}
{"mnli/acc": 0.8987264391237901}
{"mnli/acc": 0.900764136525726}
{"mnli/acc": 0.8993377483443709}
{"mnli/acc": 0.9062659195109526}
{"mnli/acc": 0.9033112582781457}
{"mnli/acc": 0.9015792154865002}
{"mnli/acc": 0.9039225674987265}
